1756985888.758,latency_s,0.128227
1756985888.828,latency_s,0.097771
1756985888.897,latency_s,0.066007
1756985888.922,latency_s,0.127695
1756985888.989,latency_s,0.094150
1756985888.994,latency_s,0.062168
1756985889.058,latency_s,0.062457
1756985889.095,latency_s,0.062496
1756985889.103,latency_s,0.126093
1756985889.160,latency_s,0.063632
1756985889.172,latency_s,0.094332
1756985889.196,latency_s,0.063713
1756985889.241,latency_s,0.062220
1756985889.261,latency_s,0.063963
1756985889.298,latency_s,0.064358
1756985889.310,latency_s,0.126688
1756985889.341,latency_s,0.062574
1756985889.361,latency_s,0.063434
1756985889.377,latency_s,0.093163
1756985889.403,latency_s,0.063976
1756985889.442,latency_s,0.062333
1756985889.445,latency_s,0.061418
1756985889.460,latency_s,0.061517
1756985889.496,latency_s,0.125843
1756985889.502,latency_s,0.062413
1756985889.543,latency_s,0.063598
1756985889.548,latency_s,0.063933
1756985889.563,latency_s,0.093418
1756985889.564,latency_s,0.063577
1756985889.602,latency_s,0.062131
1756985889.633,latency_s,0.062093
1756985889.645,latency_s,0.065192
1756985889.649,latency_s,0.063716
1756985889.663,latency_s,0.062324
1756985889.675,latency_s,0.126717
1756985889.702,latency_s,0.062449
1756985889.733,latency_s,0.062095
1756985889.739,latency_s,0.090150
1756985889.743,latency_s,0.062510
1756985889.746,latency_s,0.061186
1756985889.766,latency_s,0.065028
1756985889.803,latency_s,0.062630
1756985889.813,latency_s,0.062829
1756985889.834,latency_s,0.062871
1756985889.845,latency_s,0.064286
1756985889.846,latency_s,0.126267
1756985889.847,latency_s,0.061065
1756985889.864,latency_s,0.061932
1756985889.904,latency_s,0.062976
1756985889.911,latency_s,0.091136
1756985889.913,latency_s,0.061738
1756985889.934,latency_s,0.061503
1756985889.946,latency_s,0.062769
1756985889.950,latency_s,0.063603
1756985889.966,latency_s,0.063148
1756985889.982,latency_s,0.061744
1756985890.019,latency_s,0.062639
1756985890.019,latency_s,0.062528
1756985890.022,latency_s,0.124974
1756985890.036,latency_s,0.062086
1756985890.045,latency_s,0.062070
1756985890.051,latency_s,0.063462
1756985890.065,latency_s,0.062146
1756985890.083,latency_s,0.062151
1756985890.089,latency_s,0.090960
1756985890.119,latency_s,0.061551
1756985890.120,latency_s,0.062459
1756985890.136,latency_s,0.062131
1756985890.147,latency_s,0.063126
1756985890.149,latency_s,0.061509
1756985890.160,latency_s,0.062284
1756985890.167,latency_s,0.064017
1756985890.168,latency_s,0.127087
1756985890.184,latency_s,0.062631
1756985890.220,latency_s,0.062291
1756985890.220,latency_s,0.062102
1756985890.233,latency_s,0.091694
1756985890.239,latency_s,0.062672
1756985890.245,latency_s,0.061308
1756985890.250,latency_s,0.061638
1756985890.260,latency_s,0.061978
1756985890.266,latency_s,0.061978
1756985890.284,latency_s,0.062716
1756985890.304,latency_s,0.062413
1756985890.319,latency_s,0.061589
1756985890.322,latency_s,0.063366
1756985890.340,latency_s,0.061998
1756985890.348,latency_s,0.063323
1756985890.351,latency_s,0.061242
1756985890.361,latency_s,0.062150
1756985890.362,latency_s,0.124391
1756985890.366,latency_s,0.061728
1756985890.383,latency_s,0.061386
1756985890.404,latency_s,0.062004
1756985890.420,latency_s,0.061764
1756985890.430,latency_s,0.091105
1756985890.430,latency_s,0.063062
1756985890.439,latency_s,0.061587
1756985890.447,latency_s,0.061719
1756985890.452,latency_s,0.061394
1756985890.461,latency_s,0.061591
1756985890.466,latency_s,0.061005
1756985890.484,latency_s,0.061192
1756985890.502,latency_s,0.062379
1756985890.503,latency_s,0.060909
1756985890.522,latency_s,0.062893
1756985890.528,latency_s,0.125864
1756985890.529,latency_s,0.061937
1756985890.542,latency_s,0.062859
1756985890.632,latency_s,0.145904
1756985890.632,latency_s,0.141250
1756985890.632,latency_s,0.132390
1756985890.632,latency_s,0.126491
1756985890.632,latency_s,0.107796
1756985890.632,latency_s,0.129467
1756985890.632,latency_s,0.091735
1756985890.632,latency_s,0.089971
1756985890.632,latency_s,0.072439
1756985890.632,latency_s,0.064575
1756985890.642,latency_s,0.062059
1756985890.651,latency_s,0.064636
1756985890.661,latency_s,0.069742
1756985890.667,latency_s,0.066916
1756985890.667,latency_s,0.063159
1756985890.671,latency_s,0.064054
1756985890.689,latency_s,0.062174
1756985890.697,latency_s,0.126070
1756985890.704,latency_s,0.062736
1756985890.707,latency_s,0.062264
1756985890.721,latency_s,0.061239
1756985890.730,latency_s,0.061692
1756985890.743,latency_s,0.062450
1756985890.748,latency_s,0.061987
1756985890.753,latency_s,0.061566
1756985890.763,latency_s,0.062351
1756985890.764,latency_s,0.092352
1756985890.767,latency_s,0.062255
1756985890.768,latency_s,0.061430
1756985890.789,latency_s,0.061904
1756985890.804,latency_s,0.062211
1756985890.808,latency_s,0.062564
1756985890.824,latency_s,0.063249
1756985890.831,latency_s,0.062467
1756985890.835,latency_s,0.062872
1756985890.839,latency_s,0.125444
1756985890.843,latency_s,0.062577
1756985890.849,latency_s,0.061946
1756985890.855,latency_s,0.061304
1756985890.863,latency_s,0.061897
1756985890.870,latency_s,0.064298
1756985890.870,latency_s,0.062399
1756985890.891,latency_s,0.062493
1756985890.905,latency_s,0.062165
1756985890.906,latency_s,0.091548
1756985890.918,latency_s,0.063364
1756985890.924,latency_s,0.062697
1756985890.932,latency_s,0.062304
1756985890.935,latency_s,0.062254
1756985890.942,latency_s,0.061448
1756985890.950,latency_s,0.062244
1756985890.955,latency_s,0.061428
1756985890.965,latency_s,0.063193
1756985890.969,latency_s,0.062468
1756985890.970,latency_s,0.061296
1756985890.977,latency_s,0.062273
1756985890.991,latency_s,0.062865
1756985891.007,latency_s,0.063682
1756985891.017,latency_s,0.126213
1756985891.017,latency_s,0.062041
1756985891.024,latency_s,0.062189
1756985891.034,latency_s,0.063702
1756985891.036,latency_s,0.063360
1756985891.044,latency_s,0.062845
1756985891.051,latency_s,0.063349
1756985891.056,latency_s,0.062230
1756985891.064,latency_s,0.061834
1756985891.069,latency_s,0.062167
1756985891.071,latency_s,0.062593
1756985891.077,latency_s,0.062251
1756985891.084,latency_s,0.092671
1756985891.091,latency_s,0.062039
1756985891.106,latency_s,0.062263
1756985891.118,latency_s,0.062572
1756985891.124,latency_s,0.061521
1756985891.134,latency_s,0.063552
1756985891.135,latency_s,0.061563
1756985891.143,latency_s,0.061744
1756985891.152,latency_s,0.063832
1756985891.154,latency_s,0.061276
1756985891.157,latency_s,0.062050
1756985891.164,latency_s,0.061399
1756985891.169,latency_s,0.061796
1756985891.171,latency_s,0.061440
1756985891.179,latency_s,0.064219
1756985891.190,latency_s,0.123611
1756985891.191,latency_s,0.060863
1756985891.208,latency_s,0.063148
1756985891.220,latency_s,0.063421
1756985891.224,latency_s,0.061942
1756985891.234,latency_s,0.063469
1756985891.237,latency_s,0.062320
1756985891.246,latency_s,0.063875
1756985891.251,latency_s,0.062550
1756985891.254,latency_s,0.060984
1756985891.256,latency_s,0.089681
1756985891.258,latency_s,0.063035
1756985891.265,latency_s,0.062037
1756985891.269,latency_s,0.061579
1756985891.272,latency_s,0.062005
1756985891.276,latency_s,0.061154
1756985891.294,latency_s,0.063248
1756985891.313,latency_s,0.063406
1756985891.321,latency_s,0.064697
1756985891.415,latency_s,0.148039
1756985891.415,latency_s,0.143500
1756985891.415,latency_s,0.139730
1756985891.415,latency_s,0.132786
1756985891.415,latency_s,0.126386
1756985891.415,latency_s,0.122334
1756985891.415,latency_s,0.118533
1756985891.416,latency_s,0.111980
1756985891.416,latency_s,0.105590
1756985891.416,latency_s,0.105495
1756985891.416,latency_s,0.099080
1756985891.416,latency_s,0.152028
1756985891.416,latency_s,0.084678
1756985891.425,latency_s,0.062275
1756985891.427,latency_s,0.062524
1756985891.431,latency_s,0.062828
1756985891.437,latency_s,0.064750
1756985891.437,latency_s,0.061468
1756985891.447,latency_s,0.063810
1756985891.454,latency_s,0.089789
1756985891.454,latency_s,0.063804
1756985891.457,latency_s,0.064035
1756985891.480,latency_s,0.082896
1756985891.480,latency_s,0.075294
1756985891.480,latency_s,0.069793
1756985891.480,latency_s,0.069836
1756985891.480,latency_s,0.063294
1756985891.494,latency_s,0.062552
1756985891.500,latency_s,0.237232
1756985891.500,latency_s,0.137251
1756985891.525,latency_s,0.062498
1756985891.527,latency_s,0.061751
1756985891.528,latency_s,0.062781
1756985891.530,latency_s,0.061192
1756985891.534,latency_s,0.062056
1756985891.539,latency_s,0.061844
1756985891.559,latency_s,0.075805
1756985891.559,latency_s,0.069004
1756985891.559,latency_s,0.065449
1756985891.559,latency_s,0.126087
1756985891.560,latency_s,0.061977
1756985891.564,latency_s,0.100340
1756985891.566,latency_s,0.060568
1756985891.573,latency_s,0.062677
1756985891.591,latency_s,0.080624
1756985891.592,latency_s,0.074415
1756985891.594,latency_s,0.061177
1756985891.624,latency_s,0.090069
1756985891.627,latency_s,0.063901
1756985891.627,latency_s,0.062144
1756985891.627,latency_s,0.062158
1756985891.629,latency_s,0.065004
1756985891.631,latency_s,0.061722
1756985891.635,latency_s,0.061448
1756985891.639,latency_s,0.062297
1756985891.730,latency_s,0.146428
1756985891.731,latency_s,0.139246
1756985891.731,latency_s,0.136421
1756985891.731,latency_s,0.133173
1756985891.731,latency_s,0.125232
1756985891.731,latency_s,0.120243
1756985891.731,latency_s,0.120193
1756985891.731,latency_s,0.113845
1756985891.731,latency_s,0.098037
1756985891.732,latency_s,0.097353
1756985891.732,latency_s,0.068039
1756985891.732,latency_s,0.067373
1756985891.732,latency_s,0.065923
1756985891.732,latency_s,0.065979
1756985891.760,latency_s,0.090401
1756985891.760,latency_s,0.085802
1756985891.760,latency_s,0.082741
1756985891.760,latency_s,0.076227
1756985891.760,latency_s,0.068807
1756985891.761,latency_s,0.065854
1756985891.761,latency_s,0.127015
1756985891.765,latency_s,0.066450
1756985891.792,latency_s,0.085577
1756985891.792,latency_s,0.081095
1756985891.792,latency_s,0.080846
1756985891.793,latency_s,0.075027
1756985891.797,latency_s,0.062049
1756985891.799,latency_s,0.064039
1756985891.825,latency_s,0.090918
1756985891.828,latency_s,0.064005
1756985891.828,latency_s,0.063740
1756985891.858,latency_s,0.091730
1756985891.858,latency_s,0.091721
1756985891.858,latency_s,0.088678
1756985891.858,latency_s,0.083597
1756985891.858,latency_s,0.080426
1756985891.858,latency_s,0.073897
1756985891.858,latency_s,0.066603
1756985891.859,latency_s,0.063656
1756985891.861,latency_s,0.062109
1756985891.869,latency_s,0.062033
1756985891.874,latency_s,0.062051
1756985891.890,latency_s,0.077777
1756985891.890,latency_s,0.069092
1756985891.896,latency_s,0.061712
1756985891.896,latency_s,0.061594
1756985891.924,latency_s,0.088616
1756985891.926,latency_s,0.061037
1756985891.934,latency_s,0.068687
1756985891.934,latency_s,0.066745
1756985891.934,latency_s,0.066849
1756985891.934,latency_s,0.064059
1756985891.936,latency_s,0.060703
1756985891.955,latency_s,0.076382
1756985891.955,latency_s,0.133578
1756985891.955,latency_s,0.069970
1756985891.959,latency_s,0.062511
1756985891.962,latency_s,0.061976
1756985891.972,latency_s,0.064368
1756985891.991,latency_s,0.078234
1756985891.991,latency_s,0.078260
1756985891.992,latency_s,0.068729
1756985891.998,latency_s,0.062949
1756985892.001,latency_s,0.065711
1756985892.001,latency_s,0.065358
1756985892.010,latency_s,0.086989
1756985892.027,latency_s,0.062161
1756985892.028,latency_s,0.061021
1756985892.028,latency_s,0.061197
1756985892.057,latency_s,0.089637
1756985892.057,latency_s,0.086486
1756985892.057,latency_s,0.081232
1756985892.057,latency_s,0.078660
1756985892.057,latency_s,0.065758
1756985892.060,latency_s,0.062869
1756985892.066,latency_s,0.065381
1756985892.070,latency_s,0.061282
1756985892.093,latency_s,0.077992
1756985892.093,latency_s,0.078818
1756985892.093,latency_s,0.069569
1756985892.093,latency_s,0.069500
1756985892.097,latency_s,0.061703
1756985892.098,latency_s,0.062385
1756985892.099,latency_s,0.062644
1756985892.121,latency_s,0.224571
1756985892.125,latency_s,0.128293
1756985892.125,latency_s,0.131535
1756985892.127,latency_s,0.061024
1756985892.136,latency_s,0.069401
1756985892.136,latency_s,0.068679
1756985892.136,latency_s,0.068610
1756985892.136,latency_s,0.065580
1756985892.138,latency_s,0.060921
1756985892.158,latency_s,0.067929
1756985892.169,latency_s,0.062374
1756985892.170,latency_s,0.062780
1756985892.187,latency_s,0.079629
1756985892.187,latency_s,0.078236
1756985892.188,latency_s,0.073012
1756985892.188,latency_s,0.072607
1756985892.188,latency_s,0.064394
1756985892.189,latency_s,0.064563
1756985892.189,latency_s,0.081178
1756985892.199,latency_s,0.063302
1756985892.199,latency_s,0.063569
1756985892.203,latency_s,0.066754
1756985892.230,latency_s,0.064416
1756985892.230,latency_s,0.062815
1756985892.235,latency_s,0.066093
1756985892.235,latency_s,0.066164
1756985892.235,latency_s,0.063797
1756985892.239,latency_s,0.061871
1756985892.255,latency_s,0.063828
1756985892.269,latency_s,0.061398
1756985892.270,latency_s,0.062811
1756985892.272,latency_s,0.064085
1756985892.272,latency_s,0.064455
1756985892.295,latency_s,0.085525
1756985892.295,latency_s,0.080023
1756985892.295,latency_s,0.079638
1756985892.295,latency_s,0.070289
1756985892.295,latency_s,0.070226
1756985892.297,latency_s,0.061717
1756985892.300,latency_s,0.063225
1756985892.300,latency_s,0.064143
1756985892.304,latency_s,0.126042
1756985892.329,latency_s,0.062045
1756985892.331,latency_s,0.061357
1756985892.335,latency_s,0.065187
1756985892.335,latency_s,0.065200
1756985892.335,latency_s,0.063197
1756985892.346,latency_s,0.063894
1756985892.355,latency_s,0.063617
1756985892.369,latency_s,0.061368
1756985892.370,latency_s,0.062160
1756985892.371,latency_s,0.062735
1756985892.373,latency_s,0.064833
1756985892.395,latency_s,0.112697
1756985892.395,latency_s,0.084924
1756985892.395,latency_s,0.079240
1756985892.395,latency_s,0.079101
1756985892.395,latency_s,0.069522
1756985892.395,latency_s,0.069451
1756985892.395,latency_s,0.288033
1756985892.395,latency_s,0.186606
1756985892.395,latency_s,0.086484
1756985892.400,latency_s,0.063906
1756985892.401,latency_s,0.064140
1756985892.401,latency_s,0.064206
1756985892.434,latency_s,0.065958
1756985892.434,latency_s,0.064025
1756985892.434,latency_s,0.063251
1756985892.434,latency_s,0.063987
1756985892.436,latency_s,0.063498
1756985892.444,latency_s,0.061191
1756985892.460,latency_s,0.077410
1756985892.460,latency_s,0.067983
1756985892.471,latency_s,0.062279
1756985892.471,latency_s,0.062051
1756985892.473,latency_s,0.064608
1756985892.473,latency_s,0.064377
1756985892.500,latency_s,0.090640
1756985892.500,latency_s,0.147959
1756985892.500,latency_s,0.083053
1756985892.500,latency_s,0.082838
1756985892.500,latency_s,0.074073
1756985892.500,latency_s,0.073801
1756985892.501,latency_s,0.064730
1756985892.501,latency_s,0.063979
1756985892.501,latency_s,0.063994
1756985892.531,latency_s,0.062438
1756985892.531,latency_s,0.060637
1756985892.533,latency_s,0.062353
1756985892.536,latency_s,0.064786
1756985892.536,latency_s,0.063096
1756985892.542,latency_s,0.088319
1756985892.544,latency_s,0.060742
1756985892.545,latency_s,0.062141
1756985892.554,latency_s,0.061699
1756985892.570,latency_s,0.061321
1756985892.571,latency_s,0.062185
1756985892.572,latency_s,0.062429
1756985892.596,latency_s,0.086372
1756985892.596,latency_s,0.086828
1756985892.596,latency_s,0.078236
1756985892.596,latency_s,0.078305
1756985892.596,latency_s,0.069756
1756985892.596,latency_s,0.069000
1756985892.598,latency_s,0.061560
1756985892.599,latency_s,0.061198
1756985892.600,latency_s,0.061829
1756985892.617,latency_s,0.062344
1756985892.632,latency_s,0.061866
1756985892.635,latency_s,0.063455
1756985892.636,latency_s,0.064102
1756985892.636,latency_s,0.064336
1756985892.636,latency_s,0.062698
1756985892.642,latency_s,0.230005
1756985892.642,latency_s,0.130197
1756985892.663,latency_s,0.079583
1756985892.663,latency_s,0.079474
1756985892.663,latency_s,0.070219
1756985892.672,latency_s,0.062288
1756985892.672,latency_s,0.062805
1756985892.674,latency_s,0.064134
1756985892.698,latency_s,0.088051
1756985892.698,latency_s,0.087858
1756985892.698,latency_s,0.150415
1756985892.698,latency_s,0.079662
1756985892.698,latency_s,0.079699
1756985892.698,latency_s,0.070757
1756985892.701,latency_s,0.073478
1756985892.702,latency_s,0.063821
1756985892.702,latency_s,0.064924
1756985892.702,latency_s,0.062723
1756985892.708,latency_s,0.095978
1756985892.716,latency_s,0.060825
1756985892.732,latency_s,0.061518
1756985892.733,latency_s,0.060625
1756985892.737,latency_s,0.064743
1756985892.737,latency_s,0.064752
1756985892.737,latency_s,0.063490
1756985892.740,latency_s,0.092585
1756985892.747,latency_s,0.063321
1756985892.748,latency_s,0.062485
1756985892.765,latency_s,0.072310
1756985892.771,latency_s,0.060638
1756985892.771,latency_s,0.061141
1756985892.771,latency_s,0.061453
1756985892.773,latency_s,0.062341
1756985892.782,latency_s,0.071908
1756985892.782,latency_s,0.069302
1756985892.782,latency_s,0.063249
1756985892.783,latency_s,0.062989
1756985892.798,latency_s,0.070441
1756985892.799,latency_s,0.070935
1756985892.799,latency_s,0.061836
1756985892.805,latency_s,0.067138
1756985892.805,latency_s,0.065341
1756985892.813,latency_s,0.062738
1756985892.818,latency_s,0.060660
1756985892.833,latency_s,0.060886
1756985892.834,latency_s,0.060932
1756985892.835,latency_s,0.062397
1756985892.836,latency_s,0.063416
1756985892.836,latency_s,0.062109
1756985892.848,latency_s,0.062166
1756985892.848,latency_s,0.061712
1756985892.855,latency_s,0.061485
1756985892.872,latency_s,0.062173
1756985892.874,latency_s,0.063722
1756985892.874,latency_s,0.063515
1756985892.874,latency_s,0.063607
1756985892.875,latency_s,0.061493
1756985892.883,latency_s,0.062240
1756985892.883,latency_s,0.062201
1756985892.897,latency_s,0.068909
1756985892.898,latency_s,0.069932
1756985892.900,latency_s,0.062752
1756985892.901,latency_s,0.061932
1756985892.902,latency_s,0.061040
1756985892.915,latency_s,0.062477
1756985892.920,latency_s,0.062271
1756985892.934,latency_s,0.061632
1756985892.935,latency_s,0.062445
1756985892.939,latency_s,0.065783
1756985892.939,latency_s,0.065378
1756985892.939,latency_s,0.062507
1756985892.948,latency_s,0.061777
1756985892.950,latency_s,0.060838
1756985892.956,latency_s,0.061263
1756985892.973,latency_s,0.062037
1756985892.973,latency_s,0.062133
1756985892.974,latency_s,0.063522
1756985892.975,latency_s,0.064194
1756985892.976,latency_s,0.061289
1756985892.982,latency_s,0.061620
1756985892.983,latency_s,0.061828
1756985893.001,latency_s,0.071913
1756985893.001,latency_s,0.071845
1756985893.001,latency_s,0.062677
1756985893.004,latency_s,0.065054
1756985893.004,latency_s,0.062484
1756985893.015,latency_s,0.061072
1756985893.022,latency_s,0.062614
1756985893.035,latency_s,0.061826
1756985893.036,latency_s,0.062599
1756985893.037,latency_s,0.063301
1756985893.040,latency_s,0.066000
1756985893.040,latency_s,0.063247
1756985893.041,latency_s,0.230736
1756985893.042,latency_s,0.131572
1756985893.050,latency_s,0.061539
1756985893.051,latency_s,0.061209
1756985893.057,latency_s,0.061154
1756985893.074,latency_s,0.062868
1756985893.074,latency_s,0.062969
1756985893.081,latency_s,0.069489
1756985893.081,latency_s,0.069701
1756985893.081,latency_s,0.065097
1756985893.083,latency_s,0.061804
1756985893.100,latency_s,0.079324
1756985893.100,latency_s,0.070180
1756985893.102,latency_s,0.071433
1756985893.102,latency_s,0.062849
1756985893.102,latency_s,0.063540
1756985893.105,latency_s,0.062585
1756985893.107,latency_s,0.096268
1756985893.116,latency_s,0.061140
1756985893.123,latency_s,0.062234
1756985893.136,latency_s,0.062142
1756985893.136,latency_s,0.061836
1756985893.136,latency_s,0.061914
1756985893.140,latency_s,0.065523
1756985893.140,latency_s,0.062577
1756985893.151,latency_s,0.061778
1756985893.152,latency_s,0.061910
1756985893.157,latency_s,0.061384
1756985893.172,latency_s,0.061149
1756985893.175,latency_s,0.063897
1756985893.175,latency_s,0.063944
1756985893.175,latency_s,0.063288
1756985893.175,latency_s,0.063060
1756985893.180,latency_s,0.062400
1756985893.182,latency_s,0.060627
1756985893.187,latency_s,0.065529
1756985893.194,latency_s,0.062033
1756985893.201,latency_s,0.069265
1756985893.201,latency_s,0.062252
1756985893.201,latency_s,0.061514
1756985893.206,latency_s,0.062355
1756985893.217,latency_s,0.062140
1756985893.223,latency_s,0.062200
1756985893.236,latency_s,0.060921
1756985893.237,latency_s,0.062083
1756985893.238,latency_s,0.062577
1756985893.238,latency_s,0.062690
1756985893.240,latency_s,0.062587
1756985893.255,latency_s,0.064033
1756985893.255,latency_s,0.063328
1756985893.259,latency_s,0.061779
1756985893.274,latency_s,0.062669
1756985893.275,latency_s,0.062975
1756985893.275,latency_s,0.062670
1756985893.275,latency_s,0.063595
1756985893.276,latency_s,0.063729
1756985893.280,latency_s,0.061308
1756985893.283,latency_s,0.060956
1756985893.289,latency_s,0.066591
1756985893.293,latency_s,0.060980
1756985893.304,latency_s,0.071834
1756985893.304,latency_s,0.065082
1756985893.304,latency_s,0.064417
1756985893.306,latency_s,0.061627
1756985893.319,latency_s,0.062656
1756985893.323,latency_s,0.061430
1756985893.337,latency_s,0.060960
1756985893.340,latency_s,0.064528
1756985893.340,latency_s,0.063029
1756985893.340,latency_s,0.062969
1756985893.340,latency_s,0.062272
1756985893.356,latency_s,0.065030
1756985893.356,latency_s,0.064666
1756985893.359,latency_s,0.061609
1756985893.373,latency_s,0.061146
1756985893.374,latency_s,0.061720
1756985893.375,latency_s,0.062223
1756985893.375,latency_s,0.062250
1756985893.376,latency_s,0.063385
1756985893.380,latency_s,0.061352
1756985893.459,latency_s,0.136869
1756985893.459,latency_s,0.136992
1756985893.459,latency_s,0.126826
1756985893.459,latency_s,0.126851
1756985893.459,latency_s,0.119637
1756985893.459,latency_s,0.119498
1756985893.460,latency_s,0.114702
1756985893.460,latency_s,0.100620
1756985893.460,latency_s,0.096987
1756985893.460,latency_s,0.083677
1756985893.460,latency_s,0.082131
1756985893.460,latency_s,0.082154
1756985893.460,latency_s,0.081894
1756985893.460,latency_s,0.082108
1756985893.461,latency_s,0.068757
1756985893.461,latency_s,0.068567
1756985893.467,latency_s,0.068959
1756985893.475,latency_s,0.062095
1756985893.489,latency_s,0.075107
1756985893.489,latency_s,0.075498
1756985893.489,latency_s,0.076357
1756985893.489,latency_s,0.076684
1756985893.490,latency_s,0.070513
1756985893.490,latency_s,0.067062
1756985893.490,latency_s,0.067090
1756985893.494,latency_s,0.060598
1756985893.505,latency_s,0.071478
1756985893.506,latency_s,0.065744
1756985893.506,latency_s,0.065910
1756985893.507,latency_s,0.062185
1756985893.523,latency_s,0.061374
1756985893.525,latency_s,0.060952
1756985893.555,latency_s,0.078141
1756985893.555,latency_s,0.076526
1756985893.555,latency_s,0.076594
1756985893.555,latency_s,0.076273
1756985893.555,latency_s,0.076275
1756985893.569,latency_s,0.077541
1756985893.570,latency_s,0.070974
1756985893.576,latency_s,0.062511
1756985893.577,latency_s,0.063436
1756985893.577,latency_s,0.063392
1756985893.588,latency_s,0.074369
1756985893.588,latency_s,0.074129
1756985893.588,latency_s,0.066461
1756985893.588,latency_s,0.065650
1756985893.588,latency_s,0.064576
1756985893.596,latency_s,0.061597
1756985893.619,latency_s,0.084417
1756985893.619,latency_s,0.078901
1756985893.619,latency_s,0.078786
1756985893.619,latency_s,0.073639
1756985893.624,latency_s,0.061774
1756985893.626,latency_s,0.061363
1756985893.638,latency_s,0.060950
1756985893.640,latency_s,0.060984
1756985893.640,latency_s,0.061154
1756985893.642,latency_s,0.062885
1756985893.642,latency_s,0.062262
1756985893.654,latency_s,0.061445
1756985893.661,latency_s,0.062154
1756985893.677,latency_s,0.063148
1756985893.678,latency_s,0.063444
1756985893.685,latency_s,0.070415
1756985893.686,latency_s,0.071743
1756985893.686,latency_s,0.071961
1756985893.686,latency_s,0.063513
1756985893.686,latency_s,0.063238
1756985893.686,latency_s,0.061231
1756985893.697,latency_s,0.062134
1756985893.697,latency_s,0.062382
1756985893.705,latency_s,0.063794
1756985893.705,latency_s,0.063733
1756985893.708,latency_s,0.061721
1756985893.722,latency_s,0.229381
1756985893.723,latency_s,0.126026
1756985893.724,latency_s,0.060866
1756985893.727,latency_s,0.062106
1756985893.738,latency_s,0.061039
1756985893.743,latency_s,0.063581
1756985893.750,latency_s,0.070403
1756985893.750,latency_s,0.070586
1756985893.752,latency_s,0.071058
1756985893.755,latency_s,0.062603
1756985893.762,latency_s,0.061984
1756985893.776,latency_s,0.061963
1756985893.777,latency_s,0.062319
1756985893.778,latency_s,0.064008
1756985893.778,latency_s,0.063666
1756985893.788,latency_s,0.073309
1756985893.788,latency_s,0.064308
1756985893.788,latency_s,0.064356
1756985893.788,latency_s,0.062436
1756985893.788,latency_s,0.090614
1756985893.797,latency_s,0.061229
1756985893.816,latency_s,0.080094
1756985893.816,latency_s,0.074096
1756985893.816,latency_s,0.074301
1756985893.816,latency_s,0.069725
1756985893.824,latency_s,0.061554
1756985893.829,latency_s,0.063164
1756985893.839,latency_s,0.061764
1756985893.843,latency_s,0.062211
1756985893.843,latency_s,0.062999
1756985893.843,latency_s,0.063181
1756985893.843,latency_s,0.061782
1756985893.854,latency_s,0.061231
1756985893.861,latency_s,0.062127
1756985893.863,latency_s,0.062107
1756985893.876,latency_s,0.061921
1756985893.881,latency_s,0.066028
1756985893.881,latency_s,0.066106
1756985893.881,latency_s,0.066160
1756985893.881,latency_s,0.066475
1756985893.885,latency_s,0.061059
1756985893.885,latency_s,0.061296
1756985893.894,latency_s,0.068389
1756985893.898,latency_s,0.061764
1756985893.908,latency_s,0.071440
1756985893.908,latency_s,0.064823
1756985893.908,latency_s,0.064826
1756985893.910,latency_s,0.062311
1756985893.926,latency_s,0.062063
1756985893.929,latency_s,0.062311
1756985893.939,latency_s,0.061054
1756985893.941,latency_s,0.060557
1756985893.943,latency_s,0.061380
1756985893.946,latency_s,0.064643
1756985893.946,latency_s,0.064618
1756985893.956,latency_s,0.062448
1756985893.960,latency_s,0.060441
1756985893.963,latency_s,0.061755
1756985893.976,latency_s,0.061277
1756985893.978,latency_s,0.062567
1756985893.979,latency_s,0.063201
1756985893.979,latency_s,0.063947
1756985893.981,latency_s,0.065019
1756985893.995,latency_s,0.070331
1756985893.995,latency_s,0.070430
1756985893.995,latency_s,0.068383
1756985893.998,latency_s,0.061155
1756985894.006,latency_s,0.068538
1756985894.011,latency_s,0.066868
1756985894.011,latency_s,0.066067
1756985894.011,latency_s,0.062137
1756985894.026,latency_s,0.061650
1756985894.028,latency_s,0.060824
1756985894.040,latency_s,0.061740
1756985894.042,latency_s,0.061723
1756985894.044,latency_s,0.061677
1756985894.045,latency_s,0.062742
1756985894.045,latency_s,0.062335
1756985894.055,latency_s,0.061573
1756985894.062,latency_s,0.061482
1756985894.063,latency_s,0.061189
1756985894.077,latency_s,0.061615
1756985894.078,latency_s,0.062418
1756985894.078,latency_s,0.062448
1756985894.079,latency_s,0.063125
1756985894.080,latency_s,0.063645
1756985894.086,latency_s,0.061502
1756985894.086,latency_s,0.060807
1756985894.092,latency_s,0.065127
1756985894.098,latency_s,0.060704
1756985894.107,latency_s,0.069545
1756985894.107,latency_s,0.063358
1756985894.107,latency_s,0.062303
1756985894.111,latency_s,0.061923
1756985894.130,latency_s,0.063930
1756985894.130,latency_s,0.063066
1756985894.140,latency_s,0.060853
1756985894.143,latency_s,0.062752
1756985894.144,latency_s,0.061533
1756985894.144,latency_s,0.061740
1756985894.146,latency_s,0.062390
1756985894.156,latency_s,0.061760
1756985894.164,latency_s,0.063082
1756985894.164,latency_s,0.061484
1756985894.178,latency_s,0.061215
1756985894.180,latency_s,0.063236
1756985894.180,latency_s,0.063590
1756985894.181,latency_s,0.063837
1756985894.181,latency_s,0.063802
1756985894.188,latency_s,0.061553
1756985894.188,latency_s,0.061768
1756985894.197,latency_s,0.068607
1756985894.200,latency_s,0.061742
1756985894.208,latency_s,0.069361
1756985894.208,latency_s,0.063707
1756985894.210,latency_s,0.064729
1756985894.211,latency_s,0.061227
1756985894.230,latency_s,0.061722
1756985894.230,latency_s,0.062208
1756985894.241,latency_s,0.061024
1756985894.245,latency_s,0.063075
1756985894.245,latency_s,0.063032
1756985894.246,latency_s,0.063306
1756985894.246,latency_s,0.061054
1756985894.256,latency_s,0.061426
1756985894.267,latency_s,0.063251
1756985894.267,latency_s,0.063352
1756985894.279,latency_s,0.061404
1756985894.280,latency_s,0.062418
1756985894.280,latency_s,0.062662
1756985894.281,latency_s,0.063656
1756985894.281,latency_s,0.063321
1756985894.287,latency_s,0.060791
1756985894.288,latency_s,0.061179
1756985894.296,latency_s,0.067283
1756985894.302,latency_s,0.062260
1756985894.302,latency_s,0.061530
1756985894.310,latency_s,0.064791
1756985894.310,latency_s,0.063556
1756985894.311,latency_s,0.061250
1756985894.331,latency_s,0.062148
1756985894.332,latency_s,0.062943
1756985894.343,latency_s,0.061880
1756985894.344,latency_s,0.062518
1756985894.346,latency_s,0.062840
1756985894.346,latency_s,0.062835
1756985894.348,latency_s,0.063190
1756985894.357,latency_s,0.061091
1756985894.367,latency_s,0.061978
1756985894.367,latency_s,0.062489
1756985894.382,latency_s,0.063643
1756985894.382,latency_s,0.063470
1756985894.382,latency_s,0.063615
1756985894.382,latency_s,0.063741
1756985894.382,latency_s,0.063712
1756985894.388,latency_s,0.060825
1756985894.388,latency_s,0.060973
1756985894.400,latency_s,0.070540
1756985894.402,latency_s,0.061166
1756985894.410,latency_s,0.069517
1756985894.410,latency_s,0.064925
1756985894.411,latency_s,0.064138
1756985894.413,latency_s,0.062624
1756985894.434,latency_s,0.063821
1756985894.434,latency_s,0.063679
1756985894.444,latency_s,0.062428
1756985894.445,latency_s,0.062895
1756985894.447,latency_s,0.063999
1756985894.447,latency_s,0.063980
1756985894.458,latency_s,0.061763
1756985894.469,latency_s,0.062781
1756985894.469,latency_s,0.062427
1756985894.479,latency_s,0.061171
1756985894.481,latency_s,0.061832
1756985894.482,latency_s,0.062984
1756985894.482,latency_s,0.062960
1756985894.482,latency_s,0.063262
1756985894.490,latency_s,0.062301
1756985894.490,latency_s,0.062384
1756985894.491,latency_s,0.061634
1756985894.503,latency_s,0.061194
1756985894.503,latency_s,0.061637
1756985894.509,latency_s,0.062876
1756985894.509,latency_s,0.061892
1756985894.514,latency_s,0.062579
1756985894.536,latency_s,0.063558
1756985894.536,latency_s,0.063571
1756985894.544,latency_s,0.062153
1756985894.545,latency_s,0.062367
1756985894.547,latency_s,0.063145
1756985894.547,latency_s,0.063430
1756985894.560,latency_s,0.062531
1756985894.569,latency_s,0.062142
1756985894.569,latency_s,0.062389
1756985894.581,latency_s,0.062090
1756985894.581,latency_s,0.062427
1756985894.581,latency_s,0.062215
1756985894.583,latency_s,0.063717
1756985894.583,latency_s,0.063368
1756985894.588,latency_s,0.060671
1756985894.589,latency_s,0.060868
1756985894.592,latency_s,0.062013
1756985894.604,latency_s,0.061988
1756985894.604,latency_s,0.062149
1756985894.614,latency_s,0.067741
1756985894.614,latency_s,0.066156
1756985894.614,latency_s,0.061274
1756985894.616,latency_s,0.230932
1756985894.625,latency_s,0.139414
1756985894.636,latency_s,0.062049
1756985894.636,latency_s,0.062181
1756985894.644,latency_s,0.061662
1756985894.646,latency_s,0.063714
1756985894.646,latency_s,0.061864
1756985894.647,latency_s,0.061672
1756985894.661,latency_s,0.062245
1756985894.669,latency_s,0.061146
1756985894.680,latency_s,0.060985
1756985894.682,latency_s,0.062337
1756985894.682,latency_s,0.062469
1756985894.683,latency_s,0.064240
1756985894.684,latency_s,0.064005
1756985894.684,latency_s,0.098300
1756985894.689,latency_s,0.060958
1756985894.689,latency_s,0.061041
1756985894.692,latency_s,0.061448
1756985894.705,latency_s,0.061555
1756985894.705,latency_s,0.061643
1756985894.708,latency_s,0.060857
1756985894.709,latency_s,0.061087
1756985894.715,latency_s,0.061423
1756985894.736,latency_s,0.060673
1756985894.738,latency_s,0.062788
1756985894.745,latency_s,0.060990
1756985894.745,latency_s,0.061765
1756985894.748,latency_s,0.061596
1756985894.749,latency_s,0.063499
1756985894.761,latency_s,0.061368
1756985894.771,latency_s,0.061437
1756985894.780,latency_s,0.094142
1756985894.782,latency_s,0.062235
1756985894.782,latency_s,0.062650
1756985894.783,latency_s,0.063102
1756985894.784,latency_s,0.064330
1756985894.784,latency_s,0.064142
1756985894.790,latency_s,0.061693
1756985894.790,latency_s,0.061768
1756985894.792,latency_s,0.061128
1756985894.805,latency_s,0.061409
1756985894.810,latency_s,0.065907
1756985894.810,latency_s,0.063403
1756985894.811,latency_s,0.062432
1756985894.816,latency_s,0.061182
1756985894.838,latency_s,0.061059
1756985894.839,latency_s,0.062673
1756985894.842,latency_s,0.234469
1756985894.842,latency_s,0.133943
1756985894.845,latency_s,0.061769
1756985894.846,latency_s,0.061772
1756985894.848,latency_s,0.062102
1756985894.848,latency_s,0.061058
1756985894.849,latency_s,0.062499
1756985894.862,latency_s,0.061600
1756985894.873,latency_s,0.061123
1756985894.886,latency_s,0.066318
1756985894.886,latency_s,0.065693
1756985894.886,latency_s,0.066056
1756985894.886,latency_s,0.066140
1756985894.887,latency_s,0.066498
1756985894.893,latency_s,0.062898
1756985894.894,latency_s,0.062979
1756985894.894,latency_s,0.062727
1756985894.908,latency_s,0.063552
1756985894.908,latency_s,0.063150
1756985894.908,latency_s,0.100566
1756985894.910,latency_s,0.061977
1756985894.914,latency_s,0.065142
1756985894.917,latency_s,0.061267
1756985894.939,latency_s,0.062454
1756985894.940,latency_s,0.062218
1756985894.948,latency_s,0.063046
1756985894.949,latency_s,0.063575
1756985894.949,latency_s,0.063179
1756985894.950,latency_s,0.062554
1756985894.951,latency_s,0.063263
1756985894.963,latency_s,0.062342
1756985894.974,latency_s,0.065649
1756985894.976,latency_s,0.062275
1756985894.983,latency_s,0.062486
1756985894.983,latency_s,0.062321
1756985894.983,latency_s,0.062678
1756985894.984,latency_s,0.063064
1756985894.985,latency_s,0.063843
1756985894.993,latency_s,0.061932
1756985894.993,latency_s,0.061929
1756985894.994,latency_s,0.062706
1756985895.012,latency_s,0.067770
1756985895.013,latency_s,0.067365
1756985895.013,latency_s,0.065528
1756985895.014,latency_s,0.061867
1756985895.017,latency_s,0.061440
1756985895.039,latency_s,0.061666
1756985895.041,latency_s,0.062594
1756985895.047,latency_s,0.061618
1756985895.047,latency_s,0.061330
1756985895.048,latency_s,0.061153
1756985895.050,latency_s,0.061728
1756985895.050,latency_s,0.061900
1756985895.063,latency_s,0.061754
1756985895.070,latency_s,0.061321
1756985895.076,latency_s,0.061664
1756985895.082,latency_s,0.061405
1756985895.083,latency_s,0.062696
1756985895.084,latency_s,0.062618
1756985895.084,latency_s,0.063121
1756985895.085,latency_s,0.063694
1756985895.093,latency_s,0.061382
1756985895.093,latency_s,0.061435
1756985895.093,latency_s,0.060662
1756985895.107,latency_s,0.062040
1756985895.108,latency_s,0.061288
1756985895.111,latency_s,0.061061
1756985895.114,latency_s,0.061436
1756985895.118,latency_s,0.061354
1756985895.139,latency_s,0.061086
1756985895.141,latency_s,0.061313
1756985895.147,latency_s,0.061716
1756985895.150,latency_s,0.063311
1756985895.150,latency_s,0.062919
1756985895.150,latency_s,0.061414
1756985895.151,latency_s,0.062253
1756985895.164,latency_s,0.061392
1756985895.171,latency_s,0.061164
1756985895.178,latency_s,0.062726
1756985895.183,latency_s,0.061914
1756985895.184,latency_s,0.062011
1756985895.184,latency_s,0.063370
1756985895.184,latency_s,0.062933
1756985895.185,latency_s,0.062500
1756985895.193,latency_s,0.060895
1756985895.193,latency_s,0.061217
1756985895.194,latency_s,0.060499
1756985895.207,latency_s,0.061207
1756985895.212,latency_s,0.064733
1756985895.212,latency_s,0.062169
1756985895.213,latency_s,0.060626
1756985895.218,latency_s,0.060621
1756985895.243,latency_s,0.061333
1756985895.245,latency_s,0.061676
1756985895.247,latency_s,0.060950
1756985895.249,latency_s,0.061321
1756985895.250,latency_s,0.062341
1756985895.251,latency_s,0.061268
1756985895.251,latency_s,0.061243
1756985895.265,latency_s,0.061615
1756985895.271,latency_s,0.061058
1756985895.277,latency_s,0.062188
1756985895.285,latency_s,0.063785
1756985895.286,latency_s,0.063681
1756985895.286,latency_s,0.063960
1756985895.286,latency_s,0.063998
1756985895.287,latency_s,0.064838
1756985895.294,latency_s,0.061082
1756985895.294,latency_s,0.061310
1756985895.296,latency_s,0.060610
1756985895.309,latency_s,0.062554
1756985895.312,latency_s,0.064197
1756985895.312,latency_s,0.061613
1756985895.315,latency_s,0.061700
1756985895.319,latency_s,0.061188
1756985895.345,latency_s,0.061823
1756985895.347,latency_s,0.061347
1756985895.348,latency_s,0.061904
1756985895.350,latency_s,0.061525
1756985895.350,latency_s,0.061609
1756985895.352,latency_s,0.061251
1756985895.353,latency_s,0.062749
1756985895.366,latency_s,0.061428
1756985895.372,latency_s,0.061430
1756985895.378,latency_s,0.061897
1756985895.383,latency_s,0.061440
1756985895.387,latency_s,0.064614
1756985895.387,latency_s,0.063720
1756985895.387,latency_s,0.063783
1756985895.388,latency_s,0.063865
1756985895.394,latency_s,0.060740
1756985895.395,latency_s,0.061133
1756985895.396,latency_s,0.060411
1756985895.409,latency_s,0.061451
1756985895.415,latency_s,0.066764
1756985895.415,latency_s,0.064163
1756985895.415,latency_s,0.061545
1756985895.418,latency_s,0.060488
1756985895.446,latency_s,0.061607
1756985895.447,latency_s,0.060927
1756985895.448,latency_s,0.062325
1756985895.452,latency_s,0.063111
1756985895.452,latency_s,0.063184
1756985895.453,latency_s,0.061968
1756985895.453,latency_s,0.062788
1756985895.466,latency_s,0.061599
1756985895.471,latency_s,0.060735
1756985895.479,latency_s,0.061568
1756985895.483,latency_s,0.061089
1756985895.484,latency_s,0.060704
1756985895.485,latency_s,0.061344
1756985895.486,latency_s,0.061682
1756985895.487,latency_s,0.062779
1756985895.495,latency_s,0.061347
1756985895.496,latency_s,0.061836
1756985895.496,latency_s,0.060273
1756985895.510,latency_s,0.062316
1756985895.510,latency_s,0.061233
1756985895.513,latency_s,0.061492
1756985895.516,latency_s,0.061716
1756985895.521,latency_s,0.062035
1756985895.546,latency_s,0.061581
1756985895.548,latency_s,0.061305
1756985895.551,latency_s,0.064412
1756985895.551,latency_s,0.062281
1756985895.553,latency_s,0.064363
1756985895.554,latency_s,0.062890
1756985895.556,latency_s,0.063886
1756985895.566,latency_s,0.060617
1756985895.573,latency_s,0.061359
1756985895.580,latency_s,0.062227
1756985895.585,latency_s,0.061081
1756985895.586,latency_s,0.061998
1756985895.587,latency_s,0.062573
1756985895.588,latency_s,0.062967
1756985895.589,latency_s,0.063487
1756985895.596,latency_s,0.061584
1756985895.596,latency_s,0.061666
1756985895.597,latency_s,0.060770
1756985895.609,latency_s,0.061334
1756985895.617,latency_s,0.066707
1756985895.617,latency_s,0.064816
1756985895.617,latency_s,0.061121
1756985895.621,latency_s,0.061315
1756985895.647,latency_s,0.061864
1756985895.648,latency_s,0.061356
1756985895.649,latency_s,0.062079
1756985895.652,latency_s,0.062303
1756985895.652,latency_s,0.062642
1756985895.653,latency_s,0.061073
1756985895.655,latency_s,0.062222
1756985895.667,latency_s,0.061594
1756985895.674,latency_s,0.061182
1756985895.680,latency_s,0.061966
1756985895.685,latency_s,0.061171
1756985895.685,latency_s,0.060739
1756985895.686,latency_s,0.061350
1756985895.687,latency_s,0.062183
1756985895.688,latency_s,0.062835
1756985895.698,latency_s,0.063554
1756985895.699,latency_s,0.063638
1756985895.699,latency_s,0.061987
1756985895.710,latency_s,0.061062
1756985895.711,latency_s,0.060536
1756985895.714,latency_s,0.061550
1756985895.717,latency_s,0.061263
1756985895.720,latency_s,0.060530
1756985895.747,latency_s,0.061457
1756985895.748,latency_s,0.061106
1756985895.749,latency_s,0.061209
1756985895.751,latency_s,0.060954
1756985895.751,latency_s,0.060857
1756985895.754,latency_s,0.061737
1756985895.755,latency_s,0.062040
1756985895.768,latency_s,0.061811
1756985895.777,latency_s,0.063794
1756985895.779,latency_s,0.060924
1756985895.786,latency_s,0.061235
1756985895.786,latency_s,0.061420
1756985895.787,latency_s,0.062271
1756985895.789,latency_s,0.063318
1756985895.789,latency_s,0.063451
1756985895.798,latency_s,0.062213
1756985895.798,latency_s,0.061466
1756985895.799,latency_s,0.062277
1756985895.810,latency_s,0.061150
1756985895.816,latency_s,0.064675
1756985895.817,latency_s,0.064398
1756985895.818,latency_s,0.060927
1756985895.822,latency_s,0.061070
1756985895.848,latency_s,0.062527
1756985895.850,latency_s,0.062176
1756985895.851,latency_s,0.061033
1756985895.852,latency_s,0.063078
1756985895.855,latency_s,0.064387
1756985895.855,latency_s,0.062490
1756985895.855,latency_s,0.062081
1756985895.953,latency_s,0.146584
1756985895.954,latency_s,0.139055
1756985895.954,latency_s,0.133735
1756985895.954,latency_s,0.128371
1756985895.955,latency_s,0.128969
1756985895.955,latency_s,0.128736
1756985895.955,latency_s,0.129241
1756985895.955,latency_s,0.128582
1756985895.955,latency_s,0.117425
1756985895.955,latency_s,0.117213
1756985895.955,latency_s,0.117681
1756985895.955,latency_s,0.102507
1756985895.955,latency_s,0.103311
1756985895.955,latency_s,0.101538
1756985895.955,latency_s,0.097344
1756985895.956,latency_s,0.093916
1756985895.956,latency_s,0.069765
1756985895.956,latency_s,0.067566
1756985895.956,latency_s,0.066089
1756985895.957,latency_s,0.065966
1756985895.957,latency_s,0.065076
1756985895.957,latency_s,0.063340
1756985895.957,latency_s,0.063170
1756985895.970,latency_s,0.062224
1756985895.979,latency_s,0.061575
1756985895.982,latency_s,0.061237
1756985895.987,latency_s,0.061084
1756985895.988,latency_s,0.060977
1756985895.991,latency_s,0.063635
1756985895.991,latency_s,0.063594
1756985895.991,latency_s,0.063757
1756985896.015,latency_s,0.077174
1756985896.022,latency_s,0.083709
1756985896.023,latency_s,0.084499
1756985896.023,latency_s,0.070705
1756985896.023,latency_s,0.069839
1756985896.023,latency_s,0.068175
1756985896.035,latency_s,0.075493
1756985896.035,latency_s,0.072720
1756985896.049,latency_s,0.061870
1756985896.049,latency_s,0.060967
1756985896.051,latency_s,0.060537
1756985896.054,latency_s,0.062781
1756985896.055,latency_s,0.061625
1756985896.057,latency_s,0.062910
1756985896.057,latency_s,0.062779
1756985896.070,latency_s,0.061924
1756985896.081,latency_s,0.063301
1756985896.086,latency_s,0.063859
1756985896.088,latency_s,0.061738
1756985896.090,latency_s,0.062190
1756985896.091,latency_s,0.063281
1756985896.091,latency_s,0.063242
1756985896.092,latency_s,0.064341
1756985896.100,latency_s,0.061681
1756985896.114,latency_s,0.075658
1756985896.114,latency_s,0.075042
1756985896.114,latency_s,0.061886
1756985896.115,latency_s,0.061522
1756985896.117,latency_s,0.061473
1756985896.121,latency_s,0.061394
1756985896.124,latency_s,0.060719
1756985896.150,latency_s,0.061728
1756985896.151,latency_s,0.062600
1756985896.152,latency_s,0.060881
1756985896.152,latency_s,0.060683
1756985896.155,latency_s,0.061298
1756985896.157,latency_s,0.062806
1756985896.158,latency_s,0.062531
1756985896.171,latency_s,0.061945
1756985896.181,latency_s,0.063087
1756985896.185,latency_s,0.061810
1756985896.188,latency_s,0.060919
1756985896.189,latency_s,0.060709
1756985896.192,latency_s,0.062181
1756985896.193,latency_s,0.063414
1756985896.193,latency_s,0.063748
1756985896.199,latency_s,0.060477
1756985896.217,latency_s,0.077974
1756985896.217,latency_s,0.076921
1756985896.219,latency_s,0.066318
1756985896.220,latency_s,0.066070
1756985896.221,latency_s,0.063969
1756985896.223,latency_s,0.062012
1756985896.226,latency_s,0.062065
1756985896.252,latency_s,0.063140
1756985896.254,latency_s,0.064931
1756985896.255,latency_s,0.062878
1756985896.255,latency_s,0.062993
1756985896.255,latency_s,0.061019
1756985896.258,latency_s,0.062983
1756985896.259,latency_s,0.063293
1756985896.271,latency_s,0.061529
1756985896.280,latency_s,0.061132
1756985896.285,latency_s,0.061544
1756985896.289,latency_s,0.061780
1756985896.291,latency_s,0.061534
1756985896.291,latency_s,0.060961
1756985896.294,latency_s,0.063626
1756985896.294,latency_s,0.063803
1756985896.300,latency_s,0.060974
1756985896.300,latency_s,0.061120
1756985896.301,latency_s,0.060679
1756985896.319,latency_s,0.064248
1756985896.319,latency_s,0.064108
1756985896.319,latency_s,0.061769
1756985896.323,latency_s,0.061547
1756985896.326,latency_s,0.061516
1756985896.353,latency_s,0.064000
1756985896.353,latency_s,0.064280
1756985896.354,latency_s,0.061544
1756985896.355,latency_s,0.062415
1756985896.357,latency_s,0.062729
1756985896.358,latency_s,0.061906
1756985896.358,latency_s,0.062763
1756985896.372,latency_s,0.062021
1756985896.380,latency_s,0.061382
1756985896.386,latency_s,0.061350
1756985896.390,latency_s,0.062643
1756985896.391,latency_s,0.060921
1756985896.392,latency_s,0.061129
1756985896.392,latency_s,0.061490
1756985896.394,latency_s,0.063365
1756985896.402,latency_s,0.062577
1756985896.404,latency_s,0.064544
1756985896.405,latency_s,0.063291
1756985896.422,latency_s,0.067184
1756985896.422,latency_s,0.067239
1756985896.422,latency_s,0.064173
1756985896.425,latency_s,0.062750
1756985896.429,latency_s,0.063189
1756985896.453,latency_s,0.063956
1756985896.454,latency_s,0.063991
1756985896.455,latency_s,0.061864
1756985896.458,latency_s,0.064055
1756985896.458,latency_s,0.063179
1756985896.458,latency_s,0.061458
1756985896.459,latency_s,0.062650
1756985896.473,latency_s,0.061944
1756985896.482,latency_s,0.062640
1756985896.487,latency_s,0.061621
1756985896.491,latency_s,0.063382
1756985896.494,latency_s,0.062506
1756985896.494,latency_s,0.062330
1756985896.495,latency_s,0.063124
1756985896.496,latency_s,0.063869
1756985896.502,latency_s,0.061527
1756985896.502,latency_s,0.062322
1756985896.503,latency_s,0.061354
1756985896.517,latency_s,0.062184
1756985896.518,latency_s,0.062994
1756985896.521,latency_s,0.062280
1756985896.524,latency_s,0.061937
1756985896.528,latency_s,0.061563
1756985896.552,latency_s,0.062410
1756985896.552,latency_s,0.062464
1756985896.555,latency_s,0.062117
1756985896.556,latency_s,0.061146
1756985896.557,latency_s,0.061315
1756985896.559,latency_s,0.061623
1756985896.559,latency_s,0.062014
1756985896.573,latency_s,0.061203
1756985896.583,latency_s,0.062305
1756985896.586,latency_s,0.060857
1756985896.590,latency_s,0.061632
1756985896.594,latency_s,0.061224
1756985896.594,latency_s,0.062373
1756985896.595,latency_s,0.062166
1756985896.596,latency_s,0.063366
1756985896.602,latency_s,0.061840
1756985896.602,latency_s,0.061618
1756985896.603,latency_s,0.060566
1756985896.619,latency_s,0.063423
1756985896.619,latency_s,0.063539
1756985896.621,latency_s,0.061918
1756985896.624,latency_s,0.061203
1756985896.630,latency_s,0.062111
1756985896.651,latency_s,0.061426
1756985896.653,latency_s,0.062365
1756985896.656,latency_s,0.061855
1756985896.656,latency_s,0.060937
1756985896.657,latency_s,0.061111
1756985896.658,latency_s,0.060939
1756985896.660,latency_s,0.062511
1756985896.673,latency_s,0.061006
1756985896.684,latency_s,0.061685
1756985896.688,latency_s,0.060519
1756985896.689,latency_s,0.060457
1756985896.696,latency_s,0.062261
1756985896.696,latency_s,0.062353
1756985896.696,latency_s,0.062373
1756985896.697,latency_s,0.063026
1756985896.703,latency_s,0.062348
1756985896.703,latency_s,0.062205
1756985896.706,latency_s,0.061814
1756985896.718,latency_s,0.061740
1756985896.718,latency_s,0.061294
1756985896.722,latency_s,0.062351
1756985896.725,latency_s,0.061086
1756985896.730,latency_s,0.061555
1756985896.752,latency_s,0.061347
1756985896.753,latency_s,0.062230
1756985896.758,latency_s,0.063757
1756985896.759,latency_s,0.063342
1756985896.759,latency_s,0.061831
1756985896.763,latency_s,0.065127
1756985896.763,latency_s,0.065150
1756985896.776,latency_s,0.062191
1756985896.783,latency_s,0.061002
1756985896.789,latency_s,0.060763
1756985896.792,latency_s,0.063060
1756985896.797,latency_s,0.062347
1756985896.797,latency_s,0.062875
1756985896.797,latency_s,0.062807
1756985896.798,latency_s,0.062955
1756985896.804,latency_s,0.062619
1756985896.804,latency_s,0.062202
1756985896.805,latency_s,0.060755
1756985896.822,latency_s,0.065251
1756985896.822,latency_s,0.064787
1756985896.822,latency_s,0.061661
1756985896.826,latency_s,0.061714
1756985896.831,latency_s,0.061498
1756985896.854,latency_s,0.062066
1756985896.855,latency_s,0.062846
1756985896.856,latency_s,0.061058
1756985896.857,latency_s,0.060668
1756985896.859,latency_s,0.061327
1756985896.861,latency_s,0.062076
1756985896.861,latency_s,0.062259
1756985896.875,latency_s,0.060519
1756985896.884,latency_s,0.061508
1756985896.891,latency_s,0.061021
1756985896.891,latency_s,0.061359
1756985896.898,latency_s,0.063204
1756985896.898,latency_s,0.063093
1756985896.898,latency_s,0.063392
1756985896.898,latency_s,0.063472
1756985896.903,latency_s,0.061374
1756985896.903,latency_s,0.061103
1756985896.907,latency_s,0.061317
1756985896.918,latency_s,0.061160
1756985896.919,latency_s,0.061875
1756985896.922,latency_s,0.060848
1756985896.927,latency_s,0.062252
1756985896.931,latency_s,0.060801
1756985896.954,latency_s,0.061805
1756985896.956,latency_s,0.060991
1756985896.957,latency_s,0.062237
1756985896.960,latency_s,0.061570
1756985896.961,latency_s,0.061818
1756985896.962,latency_s,0.063313
1756985896.962,latency_s,0.063546
1756985896.977,latency_s,0.061117
1756985896.985,latency_s,0.061727
1756985896.992,latency_s,0.062011
1756985896.992,latency_s,0.060736
1756985896.996,latency_s,0.060852
1756985896.997,latency_s,0.061730
1756985896.998,latency_s,0.062572
1756985896.998,latency_s,0.063127
1756985897.004,latency_s,0.061531
1756985897.004,latency_s,0.061744
1756985897.007,latency_s,0.061215
1756985897.025,latency_s,0.067168
1756985897.025,latency_s,0.067250
1756985897.026,latency_s,0.063595
1756985897.027,latency_s,0.060909
1756985897.033,latency_s,0.061413
1756985897.055,latency_s,0.061587
1756985897.056,latency_s,0.060779
1756985897.057,latency_s,0.061793
1756985897.061,latency_s,0.062080
1756985897.061,latency_s,0.061991
1756985897.062,latency_s,0.063206
1756985897.062,latency_s,0.063165
1756985897.078,latency_s,0.061196
1756985897.088,latency_s,0.062140
1756985897.092,latency_s,0.061543
1756985897.093,latency_s,0.060661
1756985897.098,latency_s,0.062050
1756985897.098,latency_s,0.062094
1756985897.098,latency_s,0.062263
1756985897.100,latency_s,0.064314
1756985897.186,latency_s,0.141593
1756985897.186,latency_s,0.141910
1756985897.186,latency_s,0.139851
1756985897.186,latency_s,0.127841
1756985897.186,latency_s,0.127650
1756985897.186,latency_s,0.122903
1756985897.186,latency_s,0.119913
1756985897.186,latency_s,0.113703
1756985897.186,latency_s,0.091988
1756985897.186,latency_s,0.091177
1756985897.186,latency_s,0.090887
1756985897.186,latency_s,0.087140
1756985897.186,latency_s,0.087178
1756985897.186,latency_s,0.086509
1756985897.187,latency_s,0.086859
1756985897.187,latency_s,0.067685
1756985897.187,latency_s,0.061571
1756985897.192,latency_s,0.061384
1756985897.195,latency_s,0.062345
1756985897.202,latency_s,0.066321
1756985897.202,latency_s,0.066133
1756985897.202,latency_s,0.066489
1756985897.202,latency_s,0.066323
1756985897.223,latency_s,0.078456
1756985897.223,latency_s,0.078521
1756985897.223,latency_s,0.076819
1756985897.226,latency_s,0.066820
1756985897.226,latency_s,0.066801
1756985897.226,latency_s,0.062440
1756985897.228,latency_s,0.060937
1756985897.234,latency_s,0.061059
1756985897.256,latency_s,0.061487
1756985897.260,latency_s,0.064552
1756985897.260,latency_s,0.064553
1756985897.261,latency_s,0.061277
1756985897.261,latency_s,0.061380
1756985897.263,latency_s,0.062752
1756985897.263,latency_s,0.062421
1756985897.289,latency_s,0.069579
1756985897.289,latency_s,0.062841
1756985897.294,latency_s,0.061743
1756985897.297,latency_s,0.060478
1756985897.299,latency_s,0.061972
1756985897.299,latency_s,0.061924
1756985897.300,latency_s,0.063488
1756985897.307,latency_s,0.061001
1756985897.326,latency_s,0.080429
1756985897.326,latency_s,0.079508
1756985897.326,latency_s,0.066693
1756985897.326,latency_s,0.062357
1756985897.330,latency_s,0.062322
1756985897.334,latency_s,0.061056
1756985897.359,latency_s,0.063497
1756985897.359,latency_s,0.063273
1756985897.359,latency_s,0.062943
1756985897.362,latency_s,0.060618
1756985897.363,latency_s,0.062504
1756985897.364,latency_s,0.062623
1756985897.365,latency_s,0.064325
1756985897.382,latency_s,0.061727
1756985897.389,latency_s,0.062997
1756985897.396,latency_s,0.062895
1756985897.398,latency_s,0.061065
1756985897.402,latency_s,0.064659
1756985897.402,latency_s,0.064776
1756985897.402,latency_s,0.064989
1756985897.425,latency_s,0.079070
1756985897.425,latency_s,0.078699
1756985897.425,latency_s,0.078242
1756985897.425,latency_s,0.065566
1756985897.428,latency_s,0.063683
1756985897.430,latency_s,0.062180
1756985897.437,latency_s,0.063423
1756985897.459,latency_s,0.062748
1756985897.460,latency_s,0.062956
1756985897.466,latency_s,0.064327
1756985897.466,latency_s,0.064201
1756985897.466,latency_s,0.064671
1756985897.468,latency_s,0.234650
1756985897.468,latency_s,0.134609
1756985897.468,latency_s,0.066474
1756985897.483,latency_s,0.062277
1756985897.489,latency_s,0.062631
1756985897.490,latency_s,0.230660
1756985897.490,latency_s,0.130591
1756985897.497,latency_s,0.062959
1756985897.498,latency_s,0.061081
1756985897.500,latency_s,0.062604
1756985897.502,latency_s,0.064374
1756985897.502,latency_s,0.063600
1756985897.524,latency_s,0.077711
1756985897.525,latency_s,0.077417
1756985897.525,latency_s,0.077147
1756985897.530,latency_s,0.070122
1756985897.531,latency_s,0.064324
1756985897.533,latency_s,0.064003
1756985897.533,latency_s,0.099266
1756985897.536,latency_s,0.062034
1756985897.557,latency_s,0.097217
1756985897.558,latency_s,0.061392
1756985897.560,latency_s,0.061842
1756985897.564,latency_s,0.062073
1756985897.564,latency_s,0.062603
1756985897.565,latency_s,0.062786
1756985897.567,latency_s,0.064566
1756985897.585,latency_s,0.062303
1756985897.588,latency_s,0.061649
1756985897.598,latency_s,0.063735
1756985897.598,latency_s,0.063567
1756985897.599,latency_s,0.060873
1756985897.600,latency_s,0.061587
1756985897.601,latency_s,0.062415
1756985897.602,latency_s,0.062518
1756985897.612,latency_s,0.064078
1756985897.612,latency_s,0.064143
1756985897.623,latency_s,0.075028
1756985897.623,latency_s,0.062347
1756985897.624,latency_s,0.062689
1756985897.626,latency_s,0.230537
1756985897.626,latency_s,0.129720
1756985897.629,latency_s,0.062591
1756985897.630,latency_s,0.060882
1756985897.638,latency_s,0.061884
1756985897.659,latency_s,0.060948
1756985897.662,latency_s,0.062144
1756985897.663,latency_s,0.061291
1756985897.666,latency_s,0.063867
1756985897.666,latency_s,0.063905
1756985897.667,latency_s,0.064698
1756985897.688,latency_s,0.061744
1756985897.689,latency_s,0.061125
1756985897.691,latency_s,0.093164
1756985897.696,latency_s,0.061442
1756985897.697,latency_s,0.061825
1756985897.702,latency_s,0.063489
1756985897.702,latency_s,0.062978
1756985897.702,latency_s,0.063397
1756985897.702,latency_s,0.062207
1756985897.720,latency_s,0.071954
1756985897.728,latency_s,0.078755
1756985897.729,latency_s,0.079853
1756985897.729,latency_s,0.067590
1756985897.729,latency_s,0.066432
1756985897.730,latency_s,0.061928
1756985897.731,latency_s,0.061200
1756985897.753,latency_s,0.077278
1756985897.761,latency_s,0.062299
1756985897.762,latency_s,0.063390
1756985897.765,latency_s,0.065109
1756985897.765,latency_s,0.062361
1756985897.767,latency_s,0.064059
1756985897.767,latency_s,0.063809
1756985897.767,latency_s,0.063588
1756985897.788,latency_s,0.061071
1756985897.789,latency_s,0.061151
1756985897.797,latency_s,0.061135
1756985897.799,latency_s,0.063596
1756985897.800,latency_s,0.061760
1756985897.800,latency_s,0.061304
1756985897.800,latency_s,0.060447
1756985897.801,latency_s,0.060821
1756985897.811,latency_s,0.061967
1756985897.818,latency_s,0.067626
1756985897.819,latency_s,0.067727
1756985897.823,latency_s,0.060718
1756985897.827,latency_s,0.063698
1756985897.830,latency_s,0.062012
1756985897.833,latency_s,0.061159
1756985897.838,latency_s,0.061140
1756985897.861,latency_s,0.061597
1756985897.861,latency_s,0.060824
1756985897.863,latency_s,0.062807
1756985897.865,latency_s,0.062174
1756985897.865,latency_s,0.062293
1756985897.868,latency_s,0.064210
1756985897.868,latency_s,0.064733
1756985897.890,latency_s,0.061936
1756985897.892,latency_s,0.061873
1756985897.899,latency_s,0.062138
1756985897.899,latency_s,0.062089
1756985897.902,latency_s,0.063273
1756985897.902,latency_s,0.062696
1756985897.902,latency_s,0.061789
1756985897.904,latency_s,0.061940
1756985897.911,latency_s,0.061818
1756985897.913,latency_s,0.060845
1756985897.915,latency_s,0.063142
1756985897.928,latency_s,0.065305
1756985897.928,latency_s,0.064703
1756985897.930,latency_s,0.061037
1756985897.934,latency_s,0.061943
1756985897.938,latency_s,0.060907
1756985897.961,latency_s,0.061090
1756985897.964,latency_s,0.062202
1756985897.964,latency_s,0.062377
1756985897.966,latency_s,0.062706
1756985897.968,latency_s,0.064138
1756985897.968,latency_s,0.064582
1756985897.968,latency_s,0.063780
1756985897.994,latency_s,0.064884
1756985897.994,latency_s,0.063447
1756985897.998,latency_s,0.060965
1756985898.000,latency_s,0.062284
1756985898.000,latency_s,0.060784
1756985898.001,latency_s,0.061511
1756985898.002,latency_s,0.061259
1756985898.007,latency_s,0.064464
1756985898.012,latency_s,0.061628
1756985898.014,latency_s,0.060969
1756985898.015,latency_s,0.061883
1756985898.025,latency_s,0.060920
1756985898.029,latency_s,0.064984
1756985898.030,latency_s,0.061317
1756985898.034,latency_s,0.061558
1756985898.040,latency_s,0.061363
1756985898.062,latency_s,0.062300
1756985898.063,latency_s,0.061271
1756985898.064,latency_s,0.061461
1756985898.064,latency_s,0.060652
1756985898.065,latency_s,0.061501
1756985898.067,latency_s,0.062474
1756985898.067,latency_s,0.063204
1756985898.090,latency_s,0.061095
1756985898.093,latency_s,0.061835
1756985898.100,latency_s,0.062305
1756985898.100,latency_s,0.062121
1756985898.103,latency_s,0.061258
1756985898.104,latency_s,0.062053
1756985898.104,latency_s,0.062114
1756985898.105,latency_s,0.060611
1756985898.113,latency_s,0.061494
1756985898.115,latency_s,0.061686
1756985898.115,latency_s,0.061915
1756985898.129,latency_s,0.065042
1756985898.129,latency_s,0.064363
1756985898.131,latency_s,0.061426
1756985898.133,latency_s,0.060751
1756985898.143,latency_s,0.063668
1756985898.161,latency_s,0.061110
1756985898.168,latency_s,0.065389
1756985898.168,latency_s,0.065171
1756985898.169,latency_s,0.064946
1756985898.169,latency_s,0.064712
1756985898.169,latency_s,0.064999
1756985898.169,latency_s,0.064782
1756985898.191,latency_s,0.061404
1756985898.194,latency_s,0.061687
1756985898.200,latency_s,0.062070
1756985898.201,latency_s,0.063098
1756985898.203,latency_s,0.060655
1756985898.203,latency_s,0.061112
1756985898.204,latency_s,0.062031
1756985898.205,latency_s,0.061062
1756985898.219,latency_s,0.065964
1756985898.220,latency_s,0.065935
1756985898.220,latency_s,0.067553
1756985898.228,latency_s,0.061884
1756985898.234,latency_s,0.067264
1756985898.234,latency_s,0.064285
1756985898.238,latency_s,0.063926
1756985898.245,latency_s,0.064520
1756985898.263,latency_s,0.061844
1756985898.266,latency_s,0.062937
1756985898.266,latency_s,0.062135
1756985898.267,latency_s,0.062309
1756985898.268,latency_s,0.063133
1756985898.268,latency_s,0.062669
1756985898.269,latency_s,0.064133
1756985898.293,latency_s,0.063210
1756985898.300,latency_s,0.065040
1756985898.303,latency_s,0.064273
1756985898.305,latency_s,0.065517
1756985898.306,latency_s,0.063828
1756985898.306,latency_s,0.063481
1756985898.307,latency_s,0.063818
1756985898.307,latency_s,0.062429
1756985898.315,latency_s,0.061711
1756985898.316,latency_s,0.062210
1756985898.316,latency_s,0.062242
1756985898.330,latency_s,0.063325
1756985898.334,latency_s,0.066338
1756985898.335,latency_s,0.064170
1756985898.337,latency_s,0.062275
1756985898.344,latency_s,0.062191
1756985898.367,latency_s,0.061622
1756985898.368,latency_s,0.061787
1756985898.402,latency_s,0.061902
